<beans xmlns="http://www.springframework.org/schema/beans"
	xmlns:xsi="http://www.w3.org/2001/XMLSchema-instance"
	xmlns:context="http://www.springframework.org/schema/context"
	xmlns:tx="http://www.springframework.org/schema/tx" 
	xmlns:p="http://www.springframework.org/schema/p"
	xsi:schemaLocation="http://www.springframework.org/schema/beans
     http://www.springframework.org/schema/beans/spring-beans-4.0.xsd
     http://www.springframework.org/schema/context
     http://www.springframework.org/schema/context/spring-context-4.0.xsd
     http://www.springframework.org/schema/tx
	 http://www.springframework.org/schema/tx/spring-tx.xsd">
 
 <bean id="mycar" class="com.java.Car">
 	 	<constructor-arg ref="myengine"></constructor-arg>
 	 </bean>
	
 	 <bean id="myengine" class="com.java.Engine">
 	 		<constructor-arg ref="mypiston"></constructor-arg>
 	 </bean>

 	 <bean id="mypiston" class="com.java.Piston">
 	 	<constructor-arg value="TwinSpark"></constructor-arg>
 	 </bean>

   <bean id="mydept" class="com.java.Department">
   <property name="deptno" value="1"/>
   <property name="deptname" value="Hrithika"/>
   <property name="deptloc" value="Pune"/>
  </bean>
	
 	  <bean id="mydept1" class="com.java.Department">
 	     <property name="deptno" value="2"/>
 	        <property name="deptname" value="Nikita"/>
 	           <property name="deptloc" value="Pune"/>
  </bean>
 <bean id="myemp" class="com.java.Employee">
  <property name="empno" value="101"/>
   <property name="empname" value="Ish"/>
    <property name="sal" value="4000"/>
  </bean>
   <bean id="myemp1" class="com.java.Employee">
     <property name="empno" value="102"/>
       <property name="empname" value="Prisha"/>
         <property name="sal" value="5000"/>
  </bean>
 	
 </beans>